RefId,IsBadBuy,Make,Transmission,WheelType,Nationality,Size,MMRAcquisitionAuctionAveragePrice,MMRAcquisitionAuctionCleanPrice,MMRAcquisitionRetailAveragePrice,MMRAcquisitonRetailCleanPrice,MMRCurrentAuctionAveragePrice,MMRCurrentAuctionCleanPrice,MMRCurrentRetailAveragePrice,MMRCurrentRetailCleanPrice,PRIMEUNIT,VNST,WarrantyCost,VehicleAge_decades,VehOdo_lakhs
16,0.0,0,-1,-1,-1,0,1.481149012567325,1.0258004351880634,0.6278538812785388,0.4348398998550534,1.550751879699248,1.2267657992565055,0.6797116374871267,0.599346167816927,1,-1,0.4409090909090909,0.6,0.72132
19,0.0,0,1,-1,-1,0,1.4310820989204118,1.0869565217391304,0.779114270092947,0.6199695453556667,1.3878743608473338,1.0980543247929109,0.746268656716418,0.6477272727272727,1,-1,0.2987719298245614,0.4,0.65925
22,0.0,0,1,-1,-1,0,1.6467915956842702,1.2106032143602588,0.7543243594745741,0.5544933078393881,1.3172836702248467,1.0303783975839402,0.77209797657082,0.6462395543175488,1,-1,0.3453448275862069,0.7,0.66536
25,0.0,0,1,-1,-1,0,1.2006861063464838,1.0111223458038423,0.7258399004562422,0.6458756228086363,0.9946007388462631,0.8810572687224669,0.6256144427562785,0.5930695585868,1,-1,0.104,0.2,0.65663
26,1.0,0,1,-1,-1,0,1.7182130584192439,1.2636899747262005,0.6920947400799754,0.6186417376959032,1.4240506329113924,1.0283363802559415,0.6818181818181818,0.5573445627941541,1,-1,0.16755555555555557,0.5,0.52106
28,0.0,-1,1,-1,-1,-1,1.37349773685032,1.0930319215004347,0.8479475814222394,0.707224945752632,1.2292219583740747,0.9850011193194538,0.7903008531656938,0.7006369426751592,1,-1,0.10454545454545454,0.5,0.76173
31,0.0,0,1,-1,-1,-1,1.149584487534626,0.9653407769248662,0.7423307396476165,0.6742485783915516,1.2011577424023154,0.9832958180310389,0.7728838811807431,0.6830151415404871,1,-1,0.2316867469879518,0.6,0.77694
32,1.0,1,1,-1,-1,1,1.639344262295082,1.243970550901244,0.8549991275519107,0.7258183972744778,1.6002612671456564,1.1790182868142445,0.8715759516186411,0.723460800236232,1,-1,0.24897959183673468,0.7,0.563
34,0.0,1,-1,-1,-1,-1,1.6147635524798154,1.3130744700806602,0.8285984848484849,0.6737895851381268,1.174496644295302,0.9943181818181818,0.816231343283582,0.7053607416364369,1,-1,0.09585714285714286,0.5,0.57723
36,1.0,1,1,-1,-1,0,1.994459833795014,1.4857614527445315,0.8337193144974525,0.6472491909385113,1.9565217391304348,1.3636363636363635,0.8168822328114363,0.650994575045208,1,-1,0.645,0.8,0.82944
37,0.0,1,1,-1,-1,0,1.312110131211013,1.1830876648564779,0.7187463178979616,0.6786071865613528,1.1963130025495194,0.9619933764390475,0.7543903042295326,0.6264119942493325,1,-1,0.24688524590163935,0.4,0.76304
40,1.0,1,1,1,-1,-1,1.1083583257269527,0.9553782173766439,0.7694396668778855,0.6427707199032063,1.1083583257269527,0.9553782173766439,0.7694396668778855,0.6427707199032063,1,-1,0.08564705882352941,0.5,0.65078
42,1.0,0,1,1,1,0,1.1499336576735957,0.937950937950938,0.640788662969809,0.5679335954565312,1.1499336576735957,0.937950937950938,0.640788662969809,0.5679335954565312,1,-1,0.11423076923076923,0.5,0.86889
43,0.0,0,1,-1,-1,-1,1.3913897528237027,1.1410927641294133,0.8790981487227221,0.7256894049346879,1.2696041822255415,1.0339374771925556,0.8929509402248136,0.7505518763796909,1,-1,0.14294117647058824,0.6,0.6899
46,1.0,0,1,1,1,1,1.0095265178444477,0.8496888463379607,0.6504213997801392,0.5711068211068211,1.0095265178444477,0.8496888463379607,0.6504213997801392,0.5711068211068211,1,-1,0.08014084507042253,0.6,0.72191
48,1.0,0,1,1,1,0,1.565008025682183,1.1854103343465046,0.7070340826686005,0.5502257336343115,1.565008025682183,1.1854103343465046,0.7070340826686005,0.5502257336343115,1,-1,0.22282051282051282,0.8,0.79576
49,1.0,1,1,-1,-1,0,1.1908219575951204,0.9486348912540491,0.536930330015715,0.4277070728145212,1.4152571625819814,1.0783798001052078,0.6708115183246073,0.5777088910807383,1,-1,0.2817073170731707,0.6,0.73291
50,1.0,1,1,1,-1,0,1.1312217194570136,0.9454178747006177,0.7035647279549718,0.6120949971435566,1.1312217194570136,0.9454178747006177,0.7035647279549718,0.6120949971435566,1,-1,0.13373333333333334,0.4,0.50227
52,0.0,1,-1,-1,-1,0,1.1386742578283855,0.9079118028534371,0.6650041562759768,0.5810334094210418,1.0954616588419406,0.9178823143746927,0.6916141780906508,0.5964426456491639,1,-1,0.11982142857142856,0.4,0.58024
55,0.0,1,-1,-1,-1,0,1.4267990074441688,1.0586881472957423,0.684931506849315,0.5844238343285478,1.2105263157894737,0.9537632179141613,0.6879018992074174,0.5788347804202844,1,-1,0.27021739130434785,0.5,0.80968
58,0.0,-1,1,-1,-1,1,0.8393825232013231,0.7508630609896433,0.5861029128705249,0.5387473460721869,0.8393825232013231,0.7508630609896433,0.5955019556714471,0.553234011627907,1,-1,0.1330049261083744,0.4,0.62239
59,1.0,0,1,-1,-1,-1,1.1645569620253164,0.9578012215435869,0.7564959982458064,0.6409065576815902,1.0828625235404896,0.889633831872099,0.7150259067357513,0.6276721550077322,1,-1,0.21782608695652175,0.6,0.87008
61,0.0,0,1,-1,-1,0,1.9662921348314606,1.3299556681443951,0.8799497171590195,0.6944444444444444,1.450777202072539,1.0147378593863252,0.7639141506002183,0.631768953068592,1,-1,0.26261904761904764,0.8,0.77677
64,1.0,0,1,-1,1,1,0.8966065145840427,0.74746901315167,0.6268846214886526,0.5265262596640896,0.9594364828758805,0.8046445304542676,0.650419891322246,0.5686316850212337,1,-1,0.1530379746835443,0.7,0.90026
67,1.0,1,1,-1,-1,0,0.8990318118948825,0.7638714009905145,0.6652533079903502,0.5843071786310517,0.9768140832975526,0.8734043574239371,0.6884030562069748,0.6227758007117438,1,-1,0.2169230769230769,0.5,0.75513
69,1.0,1,1,-1,-1,0,1.844466600199402,1.3862869988759836,0.9178863805507318,0.7595976185588175,1.560522986081822,1.185137732222934,0.746419205164414,0.6242618525392273,1,-1,0.44351351351351354,0.9,0.95558
70,0.0,0,1,-1,-1,0,1.1755329746961547,1.0051107325383304,0.6954266855256954,0.6369426751592356,1.0823702073014125,0.9311868686868687,0.6846930486248114,0.5948180260106866,1,-1,0.07830508474576271,0.3,0.35796
73,0.0,1,1,-1,-1,0,0.9733810091378625,0.7895584917821463,0.5862646566164154,0.5102040816326531,0.9306742640075973,0.7808764940239044,0.5737704918032787,0.4814305364511692,1,-1,0.16387755102040816,0.4,0.76052
76,0.0,-1,1,-1,-1,-1,0.9503865979381443,0.8221850613154961,0.5867727498756837,0.5245843336000712,0.7898259705488622,0.6898164386764878,0.5178618449925393,0.46559343434343436,1,-1,0.17288135593220338,0.5,0.61081
77,1.0,0,1,-1,-1,-1,1.5096398690432884,1.2982950101673705,0.9315375982042648,0.8450417430258603,1.2549138191714544,1.0851091645966793,0.8462479608482871,0.7605607990470081,1,-1,0.24855421686746987,0.9,0.86483
79,0.0,0,1,-1,-1,-1,0.8723973479120624,0.7389890629618682,0.6082231773578786,0.538483630097645,0.8397715821296607,0.7097567900066244,0.6029423587105073,0.5371723248818221,1,-1,0.0784,0.4,0.57338
80,1.0,1,1,1,-1,-1,1.3996138996138996,1.1646586345381527,0.8911195329304517,0.759692630108278,1.3450834879406308,1.1135287341610136,0.868523510032944,0.7292539815590947,1,-1,0.1306896551724138,0.7,0.59425
82,0.0,0,1,-1,1,-1,1.2476606363069245,1.067378252168112,0.7942811755361397,0.7052807899144847,1.1163829193413342,0.9754907938056334,0.7883326763894364,0.7086544423775356,1,-1,0.12325,0.7,0.78559
85,0.0,1,-1,-1,-1,0,1.1211573236889694,0.8514144465806097,0.5590622182146078,0.4245412215831279,0.9932713873758411,0.7928388746803069,0.5136702568351285,0.47342700061087356,1,-1,0.32903225806451614,0.6,0.65795
88,0.0,1,1,-1,-1,-1,1.1564625850340136,0.9984729237636556,0.7073901464713716,0.6107199310245724,1.0216346153846154,0.9096746575342466,0.6805444355484388,0.6344230482161517,1,-1,0.13752941176470587,0.5,0.55909
91,0.0,0,1,-1,1,0,1.6369047619047619,1.3720598717034924,1.003780471907183,0.8566978193146417,1.3398294762484775,1.1273792093704247,0.8469915300846992,0.7518062878344074,1,-1,0.08181818181818182,0.6,0.65379
94,0.0,0,-1,-1,-1,0,1.9477434679334917,1.3818672059319177,0.8593586250262,0.7184159803749781,1.5419330575404286,1.1388888888888888,0.7907425265188043,0.6848171037247369,1,-1,0.3548780487804878,0.7,0.7381
97,0.0,-1,1,-1,-1,-1,1.4646754738655945,1.2002824193927983,0.9413067552602437,0.8233110016950521,1.2543039842597148,1.088580576307364,0.8645533141210374,0.7665138648831442,1,-1,0.09019607843137255,0.6,0.74026
98,1.0,1,1,-1,-1,-1,1.7722254503195816,1.3804028060647204,0.9558132246944532,0.7747015494030988,1.403266620657925,1.145755071374906,0.848990953375087,0.7245516094548046,1,-1,0.16852459016393442,0.8,0.64822
100,0.0,1,1,-1,-1,0,1.2055974165769645,1.0401188707280833,0.6510870828973375,0.5892255892255892,1.2055974165769645,0.9212041454186544,0.7479631361025778,0.602928509905254,1,-1,0.29160714285714284,0.5,0.85003
103,0.0,0,1,-1,-1,-1,1.1111111111111112,0.9478228228228228,0.7759680393362016,0.6879640351474695,0.9981223441051488,0.8698647833950565,0.7145889344842224,0.6467725409836066,1,-1,0.12029702970297029,0.4,0.6223
106,0.0,1,1,-1,-1,-1,1.1448349307774228,0.9528030135165079,0.7505017889868226,0.6268678475107515,1.1001663042087757,0.932552591628714,0.8012671200968974,0.6979386463236488,1,-1,0.12069767441860466,0.6,0.75806
109,0.0,0,1,-1,-1,1,0.8886389201349831,0.7304669440591771,0.6048078395345277,0.5506761466610902,0.854978354978355,0.6696617784182419,0.5721735351633229,0.4915074970447334,1,-1,0.15734177215189873,0.4,0.81338
112,0.0,1,1,-1,-1,-1,1.1652152581871704,1.0346329775648007,0.818471611958301,0.7374058837227354,1.1379971250598946,1.0355352081970788,0.8384819064430715,0.7615840949174283,1,-1,0.07663157894736843,0.5,0.66681
115,0.0,-1,1,-1,-1,1,0.9739961407700083,0.8712806181160612,0.688222308791066,0.6402512684223243,1.164835164835165,0.9107311624710026,0.7710212394530114,0.6633291614518148,1,-1,0.1310377358490566,0.4,0.74131
118,0.0,0,1,-1,-1,1,1.2266517981600222,1.0584556170315131,0.8257483344280755,0.7416146974549132,1.1470281543274243,0.9821428571428571,0.8098656359285846,0.7097346560206468,1,-1,0.1578409090909091,0.5,0.71423
121,0.0,0,1,-1,-1,0,1.4561462919065358,1.1286089238845145,0.6293911007025761,0.4878602223734967,1.5574067366896052,1.161534305780659,0.7351684048555308,0.5482595945429045,1,-1,0.3118604651162791,0.6,0.95443
124,0.0,0,-1,-1,-1,-1,1.3389536325316143,1.17442366246194,0.779783393501805,0.7028504490433425,1.076555023923445,0.9673951988534576,0.6612784717119765,0.6041620049228015,1,-1,0.1338888888888889,0.6,0.84905
127,0.0,-1,1,-1,-1,0,0.8047044258743423,0.6469270962926101,0.5705508009655476,0.4877743730848602,0.6570634318928481,0.5316611001295072,0.48875242809699854,0.41456284879085836,1,-1,0.1808974358974359,0.3,0.66545
130,0.0,1,1,-1,-1,0,0.9655751469353484,0.82319255547602,0.6635891517599538,0.5727091633466136,1.039939713639789,0.8771929824561403,0.6664091172493722,0.6010452961672473,1,-1,0.18434782608695652,0.4,0.70741
133,0.0,1,1,-1,-1,0,1.3907461888205404,1.1245674740484428,0.7425389118949022,0.6128461991750147,1.3989776701641108,1.0874111250522793,0.7841954456341427,0.664706634283523,1,-1,0.145,0.5,0.54268
134,1.0,1,1,1,-1,0,1.474840948525159,1.0960670535138621,0.819672131147541,0.6789137380191693,1.474840948525159,1.0960670535138621,0.819672131147541,0.6789137380191693,1,-1,0.2880392156862745,0.7,0.59072
136,0.0,0,1,-1,-1,-1,1.1968459588848213,1.0541981892595809,0.6645817044566067,0.5853994490358126,1.1906429471914834,1.0514596734289956,0.6566749072929543,0.5799276796070137,1,-1,0.07411764705882352,0.6,0.64677
138,1.0,1,1,-1,-1,0,1.693831895174177,1.2458862247296663,0.9160041479433114,0.7654534950895436,1.8263266712611992,1.4243482934694975,0.8913555331315169,0.7739485981308412,1,-1,0.2490566037735849,0.7,0.64554
139,0.0,0,-1,-1,-1,0,0.8887643248629796,0.7242919500558319,0.6405997486083678,0.557421875,1.2391455366446682,0.930490349504434,0.760012782275245,0.5707543396528277,1,-1,0.14548002803083393,0.5,0.73988
142,1.0,0,1,-1,-1,0,1.3219616204690832,1.069703243616287,0.8279914529914529,0.6752341537791331,1.4285714285714286,1.10912343470483,0.841248303934871,0.6833461919982365,1,-1,0.2746774193548387,0.5,0.60554
144,1.0,1,1,-1,-1,-1,1.740406793877123,1.3831028161973005,1.0329807093963908,0.8913230240549829,1.5964608578572803,1.2658227848101267,1.0074038111421288,0.8896987887233359,1,-1,0.14734939759036145,0.9,0.63377
145,0.0,-1,1,-1,-1,-1,1.6791869200176757,1.361519168756718,0.9333169593515903,0.8,1.7094017094017093,1.3520725849492974,0.9566968781470292,0.7826982492276005,1,-1,0.06644736842105263,0.6,0.59391
148,0.0,0,1,-1,-1,0,1.8531976744186047,1.4435324087178036,0.9397457158651189,0.7880098887515451,2.1056977704376547,1.5079834417504436,1.0208166533226581,0.8213883072958609,1,-1,1.0572549019607844,0.9,0.83238
151,0.0,0,1,-1,-1,0,1.2544314153258795,1.005464480874317,0.5914116739521728,0.4740313272877164,1.3509544787077827,1.0101010101010102,0.7048728164266013,0.5853906846525834,1,-1,0.27021739130434785,0.6,0.87775
154,0.0,-1,1,-1,-1,0,1.313260730301089,1.0512820512820513,0.7006151742993848,0.6025867136978248,1.492537313432836,1.1417432470064048,0.7030178326474623,0.5980163360560093,1,-1,0.17634146341463414,0.6,0.80788
156,1.0,0,1,-1,-1,0,1.0222009263695895,0.8883953359244864,0.6744651701970703,0.6038875259482921,1.0566286940729734,0.9098663633778789,0.680561463207146,0.6107453001240576,1,-1,0.21703125,0.3,0.73963
157,0.0,0,1,-1,-1,0,1.21996303142329,1.046456318376407,0.7749207467418106,0.700339558573854,1.3741411617738912,1.154249737670514,0.7923169267707083,0.7187976475713352,1,-1,0.08075757575757576,0.3,0.68183
160,0.0,1,1,-1,-1,0,2.2311631309436724,1.6146109052408681,1.012448132780083,0.8799769186381996,1.780502043199066,1.4513442778967405,0.9464701318851824,0.8228787265614461,1,-1,0.15081967213114755,0.6,0.59287
163,0.0,0,1,-1,-1,0,1.6029593094944512,1.3235593565465282,0.9295009295009296,0.7930697901415324,1.6343977872768418,1.244019138755981,0.9248719408081958,0.7591684185937865,1,-1,0.27692307692307694,0.7,0.58897
166,0.0,1,1,-1,-1,0,0.9441707717569786,0.7669223074358119,0.5702950657079098,0.4915580252190639,0.9926629261976694,0.7685881370091896,0.5815423514538559,0.4910857264866019,1,-1,0.21369565217391304,0.4,0.85042
169,0.0,1,1,-1,-1,0,1.254773595199127,0.934010152284264,0.7497962510187449,0.612109115103127,1.597777005904828,1.18801652892562,0.7256665089130778,0.6482525366403608,1,-1,0.4508695652173913,0.7,0.97221
172,0.0,-1,1,-1,-1,0,1.390148080991236,1.0217681030653043,0.7369432874078821,0.6179473401397099,1.846647932557206,1.3851249623607347,0.8720379146919431,0.7433742727860375,1,-1,0.26413043478260867,0.6,0.63079
175,0.0,0,1,-1,-1,0,1.3944223107569722,1.156785788060318,0.7956805910770105,0.6771463119709794,1.4933333333333334,1.2211077191452246,0.849643453193749,0.6947890818858561,1,-1,0.10607142857142857,0.5,0.82164
178,0.0,0,1,-1,-1,0,1.0527994895517627,0.9077155824508321,0.7019036477719877,0.6244087038789026,1.0696920583468394,0.9295774647887324,0.7028005537216484,0.6264236902050114,1,-1,0.14772727272727273,0.3,0.49893
181,1.0,0,1,-1,-1,-1,1.3350490590316872,1.0686236642204197,0.8225966303270565,0.7030919102075391,1.5633829346392918,1.2399163429937257,0.9239674941556273,0.7328271234328094,1,-1,0.12289156626506025,0.6,0.6299
182,1.0,1,1,-1,-1,1,1.2384362876753208,1.0494373498545961,0.8479771148344912,0.7500451834447859,1.2464333984081695,1.0425825901268684,0.8187826773207063,0.7308911588587531,1,-1,0.1391566265060241,0.6,0.78992
184,1.0,0,1,-1,-1,0,1.4061010486177312,1.1676231941420938,0.8266778758582037,0.7293855853628384,1.6694963214487832,1.2930089853166775,0.8430980280080023,0.6530160486995019,1,-1,0.2059322033898305,0.6,0.60522
185,1.0,0,1,-1,-1,0,1.2134923899629781,0.9491634491634492,0.6908665105386417,0.582600967710082,1.0727272727272728,0.8264462809917356,0.6903814650128716,0.5915379987968719,1,-1,0.3854237288135593,0.8,0.73725
187,0.0,0,1,-1,-1,0,1.5014299332697807,1.246784088660202,0.8827238335435057,0.7788354555569291,1.9432449105490437,1.507177033492823,0.9352731591448931,0.8067614291202458,1,-1,0.19285714285714287,0.6,0.6053
190,0.0,0,1,-1,-1,0,1.295594977077935,1.0528020732102366,0.8144342814183686,0.7365439093484419,1.1347765363128492,0.9694258016405667,0.7540603248259861,0.6829165791132591,1,-1,0.07107692307692308,0.4,0.36425
193,0.0,0,1,-1,-1,-1,0.770593445527015,0.6591907864828004,0.6079664570230608,0.5309086470983096,0.858242083456644,0.7014431992259937,0.6495445721965059,0.5653756173641798,1,-1,0.1596551724137931,0.4,0.79015
196,0.0,0,1,-1,-1,0,0.8745900359206622,0.6981673108091261,0.5650857719475277,0.4844709749978372,0.969864911673017,0.8086642599277978,0.5572693800378147,0.4646531695984069,1,-1,0.26517857142857143,0.5,0.95025
199,0.0,0,1,-1,-1,0,1.23402379903041,0.9308510638297872,0.533028745478774,0.4685408299866131,1.3263855992420654,0.979706088173548,0.5999571459181487,0.4876349703935911,1,-1,0.4017857142857143,0.7,0.6804
202,0.0,1,1,-1,-1,-1,1.0774639900192808,0.8993657104989113,0.7769054628720968,0.6802721088435374,1.1741441107403288,0.9786751828577316,0.8159409087005067,0.7057949479940565,1,-1,0.1171578947368421,0.6,0.80906
205,0.0,0,1,-1,-1,0,0.9848897359106997,0.8449141655961696,0.6658996778647032,0.607472712006717,1.0022163734589278,0.883610161211529,0.6565931572737999,0.6075747396708095,1,-1,0.07366966136834831,0.3,0.61319
208,0.0,0,1,-1,-1,-1,1.1303418803418803,0.9848578875511977,0.7375220745422437,0.650196656833825,1.168114235242161,1.0258564964447316,0.7964468533574225,0.7337031900138696,1,-1,0.09502205419029616,0.5,0.59801
211,0.0,-1,1,-1,-1,-1,1.3548626577579808,1.144918444165621,0.819764177428411,0.7265127388535032,1.2733298447584163,0.9489145976862082,0.7745358090185677,0.64012627148369,1,-1,0.12602739726027398,0.5,0.50385
214,0.0,-1,1,-1,-1,0,1.075058639562158,0.8960573476702509,0.699567540066141,0.5831212892281594,1.1410788381742738,0.9263938015832912,0.6805246226181638,0.5956893750676919,1,-1,0.21,0.4,0.7387
217,0.0,0,1,-1,1,0,1.078213246619887,0.9162303664921466,0.67946505608283,0.598347421407541,1.1146496815286624,0.9463722397476341,0.7130730050933786,0.6307569082899479,1,-1,0.08015873015873017,0.5,0.58681
220,1.0,0,1,1,-1,0,1.24972104440973,1.0057471264367817,0.7634628493524199,0.6762468300929839,1.396857071588925,1.1102299762093577,0.8033280734471382,0.6384676775738228,1,-1,0.13,0.5,0.6943
223,0.0,0,1,1,-1,1,1.2274241627213747,0.9671179883945842,0.8107482047718323,0.6784260515603799,1.282991202346041,1.0572421084428334,0.8003658815458495,0.6909485736847301,1,-1,0.22042857142857142,0.7,0.86344
226,0.0,0,1,-1,-1,-1,0.9040247678018576,0.756319933692499,0.6429452175444778,0.5691120293131675,0.9593901958207386,0.7680168332456602,0.66703216374269,0.5675633649510186,1,-1,0.12602739726027398,0.4,0.77786
229,0.0,-1,1,-1,-1,0,0.9685230024213075,0.8129048647275499,0.6019563581640331,0.5485087418580734,1.0170030192277133,0.8926080892608089,0.6480356419603078,0.6054872280037843,1,-1,0.12890625,0.3,0.60201
231,1.0,0,1,-1,-1,0,0.9766763848396501,0.8328154133001865,0.6404741420514292,0.5885453267744203,1.0222764723832773,0.8441476628449036,0.6845116469145893,0.5931828242585214,1,-1,0.10865671641791044,0.4,0.61315
232,0.0,0,-1,-1,-1,0,1.0328349005703714,0.8753592892605174,0.639557082856052,0.5436987746490303,1.1443210930828351,0.924903368304804,0.7051147126920648,0.6061154333273023,1,-1,0.1273134328358209,0.4,0.84454
235,0.0,1,-1,-1,-1,0,1.2000979671809944,0.9553519204523299,0.6773569256289743,0.5868263473053892,1.5264797507788161,1.1616880037932669,0.735956743766897,0.6459267070920116,1,-1,0.17408163265306123,0.5,0.89769
238,0.0,0,1,-1,-1,0,1.2096584216725559,0.96905076429515,0.7325249643366619,0.6275204692655505,1.2156723484848484,0.9861724601497983,0.6765480895915679,0.6113823074175497,1,-1,0.1563777994157741,0.5,0.75101
241,0.0,0,1,-1,-1,-1,1.0978661749209695,0.906569501849032,0.8098523124757093,0.6100863709559362,1.1531543995572773,0.9295193487230958,0.7805037924899335,0.6656284938508226,1,-1,0.18032393521295742,0.5,0.85334
244,0.0,1,1,-1,-1,0,1.5686274509803921,1.0692010692010692,0.7534533277521975,0.5832793259883344,2.2140221402214024,1.5151515151515151,0.8237986270022883,0.7018912068629363,1,-1,0.36666666666666664,0.9,0.66433
247,0.0,1,-1,-1,-1,-1,0.9297084096351599,0.7653948741737214,0.6219960418433701,0.5397889915760203,0.9023789991796555,0.724399078037537,0.6230529595015576,0.5390395295655015,1,-1,0.11424242424242424,0.4,0.52866
250,1.0,1,1,1,-1,-1,1.418877236273905,1.141722511789526,0.7619678648335266,0.6436266965160207,1.418877236273905,1.141722511789526,0.7619678648335266,0.6436266965160207,1,-1,0.23978260869565218,0.9,0.78593
253,0.0,0,1,-1,-1,0,1.0634588563458856,0.8460471567267683,0.6673230499945302,0.5736317472258793,1.4295758143895008,1.1034732272069465,0.8168184252811997,0.712367161041691,1,-1,0.22508196721311474,0.6,0.83081
256,0.0,1,-1,-1,-1,0,1.5043763676148796,1.2263099219620959,0.8289374529012811,0.7412398921832885,1.5227021040974529,1.1674803651029506,0.7942238267148014,0.6908679814093707,1,-1,0.21,0.5,0.73516
259,0.0,1,1,-1,-1,-1,1.208348590259978,0.975177304964539,0.7844069408129308,0.6277344493056877,1.223128243143069,1.0038022813688212,0.760806916426513,0.673469387755102,1,-1,0.12924242424242424,0.6,0.82271
262,0.0,0,1,-1,-1,0,1.2251345658787738,0.9884818731117825,0.6803118908382066,0.5976709670053659,1.3399027386741746,1.0086705202312138,0.6874589625738674,0.6045732763598568,1,-1,0.2653295128939828,0.5,0.7738
265,0.0,0,1,-1,-1,0,1.8619934282584885,1.3470681458003169,0.9790746784411596,0.805178402273445,1.722972972972973,1.2756378189094548,0.9184224743381956,0.7403106401509653,1,-1,0.44588235294117645,0.8,0.79898
268,1.0,0,1,-1,-1,0,1.2039937353171495,1.013346515076619,0.7249793705057174,0.6435073767918803,1.287958115183246,1.0610766045548654,0.7095880927656628,0.6549520766773163,1,-1,0.1975609756097561,0.4,0.66568
269,1.0,1,1,-1,-1,0,0.9148264984227129,0.7657776604172168,0.585326470885054,0.5248393810514885,0.9626556016597511,0.8033240997229917,0.5923202614379085,0.5478416926419193,1,-1,0.12551724137931033,0.3,0.63079
271,0.0,1,-1,-1,-1,1,1.3561741613133476,1.0581028401707815,0.7711038961038961,0.658731075927424,1.5505984766050054,1.1461894228835712,0.8,0.6194978806651451,1,-1,0.24754385964912282,0.6,0.6034
274,0.0,0,1,-1,-1,1,0.7917749940912314,0.6929123000551572,0.6074342701722575,0.5529573590096286,0.8177379983726607,0.7016686448369754,0.6270277015223359,0.5591720914705391,1,-1,0.1500497512437811,0.3,0.62233
275,1.0,1,1,-1,-1,0,1.3691809808314663,0.9900990099009901,0.7503410641200545,0.590508911316298,1.3691809808314663,0.9900990099009901,0.7533214628133132,0.6024756271223574,1,-1,0.16727272727272727,0.6,0.79081
277,0.0,0,1,-1,-1,0,1.1109486917117382,0.9322865554465162,0.7362200910588007,0.6586930143872421,1.2572373862696444,1.0289737340915246,0.7876463882267593,0.7052709725315516,1,-1,0.11013157894736843,0.3,0.53642
280,0.0,0,1,-1,-1,0,1.7045454545454546,1.2478590653290922,0.8280565026790063,0.689375506893755,1.6483516483516483,1.225666906993511,0.8221828147670482,0.6863140896245459,1,-1,0.46098039215686276,0.6,0.94071
282,1.0,1,1,-1,-1,0,0.8744266055045872,0.746268656716418,0.5802339960049463,0.5329838357361293,0.9397627484208905,0.7849697593617295,0.6390780513357779,0.5680230933978955,1,-1,0.1824590163934426,0.3,0.89443
283,0.0,0,1,-1,-1,0,1.2483574244415243,0.9483404042924881,0.6055776892430279,0.49051245643474894,1.499605367008682,1.1279311368358564,0.6744763933262335,0.6279953726656751,1,-1,0.1631578947368421,0.6,0.97581
286,0.0,0,1,-1,-1,0,0.9828788839568802,0.8823110858118685,0.6324594511884117,0.5804699934463066,0.9731596295714958,0.8346795907377491,0.6410919243097921,0.5815044081785782,1,-1,0.17516129032258065,0.2,0.53544
289,0.0,1,1,-1,-1,0,1.0635469290082424,0.8216926869350862,0.5666525003541578,0.48573163327261687,1.089621356578589,0.8,0.5859088911674235,0.48567265662943176,1,-1,0.23,0.6,0.79352
292,0.0,-1,1,-1,-1,-1,0.9081735620585267,0.8110300081103001,0.7038948850305021,0.6216757615528079,0.8895917762182465,0.8041458184417442,0.678784222037861,0.627177700348432,1,-1,0.15433333333333332,0.2,0.79986
295,0.0,-1,1,-1,-1,0,0.8009319935925441,0.7195185766614338,0.5475906013540423,0.5095895487816177,0.9385665529010239,0.8025682182985554,0.5489021956087824,0.46936337258917904,1,-1,0.2732727272727273,0.4,0.84349
298,0.0,0,1,-1,-1,1,1.0901339829476249,0.9107560801872392,0.7360197368421053,0.6476590201895941,1.1111111111111112,0.9159758468938696,0.7753616910681799,0.6765951013002721,-1,-1,0.13575418994413407,0.4,0.63908
300,1.0,-1,1,1,-1,0,0.8451017458022907,0.7362914163921721,0.595704655902179,0.5433228481555619,0.8400574776168895,0.7346544224262929,0.5780346820809249,0.5214408233276158,1,-1,0.12105263157894737,0.2,0.51288
301,0.0,0,1,-1,-1,0,1.3131055583885773,1.059670781893004,0.6884106402887314,0.592430691360865,1.6924088070982584,1.2638036809815951,0.9279279279279279,0.7465932154247608,1,-1,0.1345631067961165,0.5,0.41513
304,0.0,0,1,-1,-1,0,0.9945750452079566,0.8719284339259427,0.6544836379090523,0.6041110936764476,1.2524398178269356,1.0138248847926268,0.7799837925445705,0.6842011729162965,1,-1,0.08714285714285715,0.2,0.50549
307,0.0,0,1,-1,1,0,0.9742485068050524,0.8610990913024664,0.6859703550499827,0.6290302187381465,0.9639604727765937,0.8191322960401746,0.7120366394733075,0.5870552834975514,1,-1,0.06331658291457286,0.3,0.64223
310,0.0,0,1,-1,-1,-1,0.9819856426926723,0.7988980716253443,0.6611947104423165,0.5741210009502692,1.033352337514253,0.9017412935323383,0.7023152184442507,0.6297776233495483,1,-1,0.12689655172413794,0.4,0.72287
313,0.0,0,1,-1,-1,0,1.5370284117373079,1.191765980498375,0.9989405176328137,0.8239700374531835,1.2913324202700058,1.0006064281382656,0.772110435189518,0.6646525679758308,1,-1,0.18136363636363637,0.6,0.92865
316,0.0,0,1,-1,-1,-1,1.13125,0.8630555025748617,0.7116458284186522,0.6058780210216241,1.1278664007976071,0.9351105600330647,0.6730626208537855,0.6105788692484145,1,-1,0.13734806629834254,0.4,0.86451
317,1.0,0,1,-1,-1,1,1.3680659670164919,1.095602581419781,0.8654416123295792,0.7607336390162568,1.72536043488537,1.4158262218774245,0.9592641261498029,0.877298401634419,1,-1,0.29547945205479453,0.7,0.74273
319,1.0,1,1,-1,-1,0,0.923943661971831,0.7981312049834534,0.6637526307268901,0.5987586710478277,0.9786370688626328,0.8381030253475061,0.662786938247656,0.600556613446609,1,-1,0.11036585365853659,0.3,0.47555
322,0.0,1,1,-1,-1,0,1.0211145725164417,0.8361678004535147,0.6299380738842623,0.5566562883290876,0.9257806370626078,0.7491112239715592,0.6298708231023807,0.5387143900657414,-1,-1,0.39847457627118643,0.4,0.98315
325,0.0,-1,1,-1,-1,0,1.150928590112477,1.0001136492783271,0.7581631773929526,0.683495145631068,1.1537957257112887,1.0211185889997678,0.8198248555990311,0.7288388272320689,1,-1,0.10454545454545454,0.2,0.54696
326,1.0,0,1,-1,-1,0,0.8975868157739847,0.8074123097286565,0.6015779092702169,0.5645534474780194,0.9203379601689801,0.809555408095554,0.6350858927641854,0.5727699530516432,1,-1,0.08737704918032786,0.2,0.61184
328,0.0,0,1,-1,-1,0,0.8888888888888888,0.8104623319211641,0.6429458610360196,0.5975419297888233,0.7728789741788161,0.6901419496510077,0.6058936931974662,0.5493819453115245,1,-1,0.12647727272727272,0.1,0.8012
331,0.0,0,1,-1,-1,0,0.9733700642791552,0.8031519927261707,0.655940594059406,0.5412029000306341,0.8831861356440593,0.7884558167212139,0.585505965532479,0.5471814990708239,1,-1,0.09094339622641509,0.2,0.49408
334,0.0,0,1,-1,-1,0,0.9050683829444891,0.8198961464881115,0.6412083214591051,0.5900478594374877,0.8195974865677078,0.7386736703873933,0.6089721902699776,0.5598059339428998,-1,-1,0.18922222222222224,0.1,0.60559
337,0.0,-1,1,-1,-1,0,0.8234560199625702,0.7270323859881032,0.546448087431694,0.4984894259818731,0.761070110701107,0.6565857540787903,0.533031820384429,0.4881656804733728,1,-1,0.125,0.2,0.63456
340,0.0,0,1,-1,-1,0,1.116917047681254,0.953921678009595,0.7298335467349552,0.6412660316507913,1.1572820790471035,0.9744700250740825,0.753968253968254,0.6585027726432532,1,-1,0.23087719298245615,0.3,0.70029
341,1.0,1,1,-1,-1,0,0.7515204170286707,0.667953667953668,0.530349478847333,0.48823164192583396,0.7203530979347101,0.6423585326006238,0.5399500624219725,0.5007525761259697,1,-1,0.1292485549132948,0.1,0.62846
343,0.0,0,1,-1,-1,-1,1.2633996937212864,1.0064043915827996,0.8562532433834976,0.689007203257125,1.1978221415607986,0.9743135518157662,0.7538549400342661,0.670186839967506,1,-1,0.09545454545454546,0.6,0.6006
346,0.0,0,1,-1,-1,0,0.9902964242988169,0.8023694130317717,0.6630473478106088,0.5774298558363045,1.1895257863643622,0.8432371250707413,0.7525252525252525,0.5949528829260502,1,-1,0.3063087248322148,0.5,0.83135
349,0.0,0,1,-1,-1,0,1.0258950049525966,0.855558177956101,0.6415929203539823,0.5738937702841763,0.9753800618861832,0.7966157565102736,0.6510416666666666,0.5818619582664526,1,-1,0.18110344827586206,0.4,0.69654
352,0.0,0,1,-1,-1,1,1.2893982808022924,1.0763940798325609,0.7652247847805292,0.6876790830945558,1.3029315960912051,1.0196855969409433,0.8135593220338984,0.6813665184063594,-1,-1,0.12777777777777777,0.6,0.75878
355,0.0,1,1,-1,-1,0,1.1547344110854503,0.9174311926605505,0.7005820219874973,0.6178119950575041,1.2147262193982433,0.9920634920634921,0.7707814538124037,0.6294789850861902,1,-1,0.3310769230769231,0.4,0.82246
358,1.0,-1,1,-1,-1,0,1.5346838551258442,1.2431626056688214,0.7680491551459293,0.6764069264069265,1.3448090371167294,1.1155734047300312,0.757346258709482,0.6714113065664026,-1,-1,0.3846,0.7,0.7665
361,0.0,0,1,-1,-1,0,1.2933458294283036,1.0217681030653043,0.7610853739245532,0.6534709726299839,1.1294810934686528,0.9006657094374103,0.7342768968819836,0.6133878566983731,-1,-1,0.18130434782608695,0.4,0.56039
364,0.0,0,1,-1,-1,0,1.0267620561738209,0.8169934640522876,0.6868131868131868,0.5675992383184415,1.0766879688802444,0.9048453006421483,0.7441190590494479,0.6393334433261838,1,-1,0.25470967741935485,0.4,0.77697
366,1.0,1,1,-1,-1,0,1.6745540589734256,1.1707813693051667,0.8176324209029506,0.6559247112505348,1.554054054054054,1.094196003805899,0.7554606667761538,0.63430777716492,1,-1,0.5047826086956522,0.7,0.86003
367,0.0,0,1,-1,-1,0,2.5167785234899327,1.6357688113413305,0.9477674810446504,0.7561754327003865,2.4603608529250955,1.5878616796047988,0.9953550099535501,0.8147745790331342,-1,-1,0.39311111111111113,0.9,0.47019
370,0.0,0,1,-1,-1,0,0.8898380494749956,0.7271669575334497,0.5163688939378291,0.45712196013896506,1.0052271813429836,0.8428860418071477,0.5734602592040372,0.5109339873288371,1,-1,0.499,0.4,0.98358
373,0.0,-1,1,-1,-1,0,1.9677996422182469,1.4584023864766325,0.8915906788247214,0.7465218866644044,1.594780717651323,1.1891891891891893,0.8422664624808576,0.7076230299131554,-1,-1,0.2240909090909091,0.7,0.71542
376,0.0,0,1,-1,-1,0,1.2077294685990339,1.0033444816053512,0.7939868727503705,0.6965081723625557,1.0623229461756374,0.891583452211127,0.7392075694855116,0.6228201295465869,-1,-1,0.0776,0.4,0.32671
379,0.0,0,1,-1,-1,-1,0.969794928780685,0.8365284071104915,0.6763897696047347,0.6099498062138636,0.950965824665676,0.8087615838247684,0.6949974661550713,0.6100660904931368,1,-1,0.1015625,0.3,0.40909
382,0.0,1,1,-1,-1,0,1.5452538631346577,1.2030936694356917,0.7767708525984834,0.6738328252847746,1.4442916093535076,1.1801067715650464,0.7579859231185706,0.6774193548387096,1,-1,0.36738095238095236,0.8,0.86341
385,0.0,-1,1,-1,-1,0,1.0263201456712465,0.8391987005955603,0.6284845413076533,0.558055805580558,0.9093575828688765,0.7533414337788579,0.5911517925247902,0.5353134173717838,-1,-1,0.15854838709677418,0.3,0.81646
388,0.0,1,1,-1,-1,0,1.0621401627953146,0.8816743572841134,0.5817746846454981,0.4828955681920751,0.9766338079591091,0.7809078966574223,0.6183541377716135,0.5383376937009459,-1,-1,0.17196261682242991,0.3,0.77861
391,0.0,1,1,-1,-1,0,1.2275651879444633,1.0103121516164995,0.7304785894206549,0.643243722828498,1.1301636788776306,0.9150574277420169,0.7642036470960262,0.6329666492055177,-1,-1,0.18937931034482758,0.4,0.84747
394,0.0,-1,1,-1,-1,0,1.5497553017944534,1.1124121779859484,0.847457627118644,0.6782484531175631,1.6206994597668467,1.2242268041237114,0.8746355685131195,0.7328362046798663,1,-1,0.3619298245614035,0.7,0.80341
397,0.0,-1,1,-1,-1,1,1.3575605680868839,1.208627742655262,0.9222474460839954,0.8542141230068337,1.2808723068838677,1.0385598636557307,0.9030286190608502,0.7964384904427381,1,-1,0.11466666666666667,0.5,0.66708
400,0.0,-1,1,-1,-1,0,1.364477335800185,1.1121583411875589,0.7660347961568423,0.6709882861366997,1.2486772486772486,0.9649983644095519,0.7754994742376445,0.6395663956639567,-1,-1,0.17288135593220338,0.4,0.67795
403,0.0,0,1,-1,-1,-1,1.4260249554367201,1.1665208515602217,0.8761362391851933,0.7523039307880384,1.1459676264145537,0.9554520482503285,0.7457121551081283,0.6599571027883188,1,-1,0.171625,0.5,0.82617
406,0.0,0,1,-1,1,0,1.4527591973244147,1.2590579710144927,0.9313856874832485,0.7949216516069999,1.3453348819202477,1.154676856620701,0.8887468030690537,0.7711939636040834,-1,-1,0.08187050359712231,0.6,0.75149
409,0.0,0,1,-1,-1,0,1.3004334778259419,1.0431991440417279,0.8553569470336659,0.6923486596840049,1.173461712050549,0.975,0.8281133878331033,0.6961799357372367,-1,-1,0.19230769230769232,0.4,0.5479
412,1.0,0,1,1,-1,0,0.753465943339361,0.6477243285257794,0.55666889334224,0.5074081591231987,0.7100255609201931,0.5976571838393497,0.5278344711098599,0.47184649260773825,1,-1,0.1384,0.2,0.79092
415,1.0,1,1,-1,-1,0,1.5353260869565217,1.2090734003851915,0.8231351981351981,0.6870136186770428,1.5933446136491822,1.2166236003445305,0.8425290784372204,0.7114972925324267,1,-1,0.14743362831858406,0.7,0.64139
416,1.0,1,1,1,-1,0,1.0487189698659232,0.9127671865973426,0.699176918311355,0.6264372373324875,1.1118930330752992,0.8632936291115725,0.7138984276161214,0.5931821594834059,1,-1,0.14151898734177215,0.4,0.64407
417,1.0,0,1,-1,-1,0,2.3759791122715406,1.6479536399855126,1.0317460317460319,0.8562288295069628,1.2413281979982618,0.9939055703094093,0.7747853828393985,0.6620401066178606,1,-1,0.36065934065934063,0.7,0.92537
418,0.0,0,1,-1,-1,1,1.4954128440366972,1.232980332829047,0.8741821302155959,0.7835785020671089,1.6521386580174335,1.4093031298633927,0.8856770267333188,0.8432488360062079,1,-1,0.38220858895705523,0.5,0.67744
421,0.0,0,1,-1,-1,1,1.5128449096098953,1.2078395624430265,0.9304775280898876,0.794523286028383,1.3472292831723436,1.1336090118351632,0.8272632674297606,0.7188065099457505,-1,-1,0.12830188679245283,0.6,0.63944
424,0.0,0,1,-1,-1,0,1.2804753124359762,0.969743987587277,0.7573003756209863,0.5971717943818078,1.8042725173210161,1.5103914934751088,0.8981175456243713,0.8047901107391192,1,-1,0.20352,0.5,0.70235
427,1.0,0,1,-1,-1,0,1.2831402831402832,1.0146549969468757,1.061541737649063,0.8585945573544609,1.2413281979982618,0.9939055703094093,0.7747853828393985,0.6620401066178606,1,1,0.15125376128385157,0.4,0.52492
430,0.0,0,1,-1,-1,0,1.2729549248747913,1.018363939899833,1.0748898678414096,0.8753049217965275,1.3504538410449414,1.1248386501936198,1.1342506507995538,0.959572125216297,1,1,0.10213114754098361,0.4,0.40556
432,1.0,0,1,-1,-1,0,1.2461067733141404,1.0014230512344615,0.7767409125674878,0.6610186577974674,1.2413281979982618,0.9939055703094093,0.7747853828393985,0.6620401066178606,1,1,0.32670007158196135,0.2,0.81858
433,0.0,0,1,-1,-1,0,0.9283185840707965,0.7857677902621722,0.7944562253862466,0.6803735893111947,0.9283185840707965,0.7857677902621722,0.7944562253862466,0.6803735893111947,1,1,1.2428979980934223,0.5,0.81835
434,1.0,1,1,1,-1,-1,1.1735857664233578,0.9657437822618489,1.0321998194402648,0.8570000832847505,1.1735857664233578,0.9657437822618489,1.0321998194402648,0.8570000832847505,1,1,0.1752186588921283,0.6,0.85629
436,1.0,0,1,-1,-1,0,0.995997816991086,0.7743988684582744,0.8505514991455647,0.6729351032448377,1.049856184084372,0.8007898200965335,0.8928571428571429,0.6944444444444444,1,1,0.2507762557077626,0.4,0.80531
439,1.0,0,1,1,-1,1,1.578891931746366,1.2643387314439947,1.3319708548071796,1.085917125470878,1.578891931746366,1.2643387314439947,1.3319708548071796,1.085917125470878,1,1,0.26724482988659104,0.7,0.64381
440,1.0,0,1,-1,-1,0,1.0136897001303782,0.7741453700630601,0.8528336380255942,0.665667808219178,1.0932739629716428,0.8131427575387833,0.91327329678935,0.6966845878136201,1,1,0.46130760986066455,0.4,0.82007
442,0.0,-1,1,-1,-1,-1,1.0476335567743247,0.909130971267407,0.9264415304472786,0.8087658773718049,1.0004849660523762,0.8681198451439152,0.8865492049849591,0.7736443411085278,1,1,0.09452253999030538,0.2,0.47662
443,1.0,1,1,-1,-1,0,1.3056206088992974,0.9405314213412063,0.9509594882729211,0.7285200914733747,0.8999192897497982,0.6692677070828331,0.7021410579345088,0.5440351305196389,1,1,0.547085201793722,0.7,0.70214
444,1.0,0,1,1,-1,-1,0.8123944256756757,0.6883442168351374,0.717148182665424,0.6120257695060844,0.8123944256756757,0.6883442168351374,0.717148182665424,0.6120257695060844,1,1,0.1953216374269006,0.3,0.8924
445,1.0,0,1,-1,-1,0,0.7681665938546672,0.6606136505948653,0.6663719050025265,0.5781455501972819,0.9080736787743157,0.7481208339242661,0.7787127251254797,0.6500308071472581,1,1,0.4079620853080569,0.3,0.8975
448,0.0,1,1,-1,-1,0,0.8825701624815362,0.7510055304172951,0.7648489503328213,0.6571711394632644,1.0065700808625337,0.8119309688816415,0.8645637389668644,0.7072679924242424,1,1,0.11230125523012552,0.2,0.55844
451,0.0,0,1,-1,-1,0,0.9307992202729045,0.8058100289296046,0.8096160833232409,0.7066596194503171,0.886604774535809,0.7833372392781814,0.7734582899456207,0.6879695379232273,1,1,0.1525804038893044,0.2,0.65711
454,0.0,0,1,-1,-1,0,0.9131266220461686,0.7350192413413964,0.7951706910907577,0.6475830669379057,1.0808407437348424,0.8902650153149554,0.9310584958217271,0.7764227642276422,1,1,0.16724008975317875,0.3,0.62212
456,1.0,0,1,1,-1,0,1.5067123678948873,1.0833846785787635,1.2321887409483765,0.9159576315332523,1.5263310185185186,1.1378343399482311,1.2464555765595464,0.9578717995278736,1,1,0.15222748815165876,0.5,0.73731
457,1.0,1,1,-1,-1,0,1.0792492179353492,0.8348457350272233,0.8916648718500969,0.7069672131147541,1.074766355140187,0.8395862908132224,0.8884120171673819,0.7107296137339055,1,1,0.21956521739130436,0.5,0.91888
458,1.0,0,1,-1,-1,0,1.7149958574979287,1.2925382453949423,1.3324750563244288,1.0457186158120737,1.4733096085409252,1.118616590110781,1.1711456859971712,0.9206137424949966,1,1,0.18888888888888888,0.6,0.46237
460,0.0,0,1,-1,-1,0,1.1463536463536463,0.9756270369845543,0.9855425135986258,0.8476976114257572,1.2742920599666852,1.0631562693020382,0.7510635976873569,0.6497734994337486,1,1,0.145679012345679,0.3,0.59634
463,1.0,0,1,1,-1,1,1.0454380883417813,0.8693361433087461,0.8931333127126508,0.7525410476935106,1.0397911415196255,0.8578431372549019,0.8887349953831948,0.7431476000514734,1,1,0.42458874458874457,0.6,0.88176
464,1.0,0,1,-1,-1,0,1.5913233685745534,1.2247474747474747,1.2608318890814558,1.0036790066681995,1.6256983240223464,1.1903463321516226,1.2838235294117648,0.9786995515695067,1,1,0.38694158075601376,0.7,0.75513
466,0.0,0,1,-1,-1,0,1.7436845348120764,1.1274900398406376,1.256102973812694,0.8813453752725008,1.6320645905420992,1.1199050257222003,1.192583227981458,0.8764323319913286,1,1,0.5141342756183745,0.7,0.74134
467,1.0,0,1,-1,-1,1,1.2644822592324403,1.051482763811531,1.0802660068048253,0.9102163148292938,1.288983207233807,1.0281130409184576,1.0994805603651818,0.8911712171472315,1,1,0.3255547602004295,0.6,0.70788
469,0.0,0,1,-1,1,0,1.2810571292926096,1.0507528556593977,1.1051194539249147,0.9178004535147393,1.2810571292926096,1.059832416863053,1.1051194539249147,0.9252485998399818,1,1,0.08474366893143916,0.4,0.75635
472,0.0,-1,1,-1,-1,-1,0.9936701953508676,0.8499813293502614,0.8758176221623701,0.7544121302510565,1.1900405175794013,1.030327034061333,1.0390277302293736,0.9065113500597372,1,1,0.13344316309719934,0.2,0.63029
475,0.0,1,1,-1,-1,0,1.0555156306144449,0.8222533240027992,0.9023191522039625,0.7149811366678837,1.1542239685658153,0.8783076693078188,0.9796564949141238,0.7606162610046608,1,1,0.336,0.4,0.79435
477,1.0,-1,1,1,-1,0,1.455071477195371,1.0462555066079295,1.1638987203920501,0.8701404437207408,1.455071477195371,1.0462555066079295,1.1638987203920501,0.8701404437207408,1,1,0.23859649122807017,0.5,0.68387
478,0.0,0,-1,-1,-1,0,1.7183462532299743,1.3249944653531105,1.4042702956358517,1.1128672368910375,1.9844164456233422,1.4752280009859502,0.9474434066803863,0.8157284993866702,1,1,0.08437761069340016,0.5,0.56092
480,1.0,0,1,-1,-1,0,1.133170871559633,0.9479553903345725,0.9839432412247946,0.8315800547022932,1.0974593919200333,0.9277080154911396,0.9548254620123203,0.8146964856230032,1,1,0.18975332068311196,0.3,0.51215
481,1.0,0,1,1,-1,1,1.0406539991162174,0.8095565486421451,0.9020684371807968,0.7118387909319899,1.0406539991162174,0.8095565486421451,0.9020684371807968,0.7118387909319899,1,1,0.16348195329087048,0.4,0.7408
